{"cameraMode":{"drawMode":0,"name":"Shaded","section":"Shading Mode"},"sceneLighting":true,"audioPlay":false,"sceneViewState":{"showFog":true,"showMaterialUpdate":false,"showSkybox":true,"showFlares":true,"showImageEffects":true,"showParticleSystems":true,"showVisualEffectGraphs":true,"m_FxEnabled":true},"in2DMode":false,"pivot":{"x":669.81591796875,"y":209.0133056640625,"z":1417.9420166015625},"rotation":{"x":0.04379473999142647,"y":0.007488403003662825,"z":-0.00032876108889468014,"w":0.9990171790122986},"size":839.7510986328125,"orthographic":false}