{"cameraMode":{"drawMode":0,"name":"Shaded","section":"Shading Mode"},"sceneLighting":true,"audioPlay":false,"sceneViewState":{"showFog":true,"showMaterialUpdate":false,"showSkybox":true,"showFlares":true,"showImageEffects":true,"showParticleSystems":true,"showVisualEffectGraphs":true,"m_FxEnabled":true},"in2DMode":false,"pivot":{"x":367.3415222167969,"y":184.54119873046876,"z":1198.412841796875},"rotation":{"x":0.04076443985104561,"y":0.040450554341077808,"z":-0.0016516512259840966,"w":0.9983452558517456},"size":935.1700439453125,"orthographic":false}