{"cameraMode":{"drawMode":0,"name":"Shaded","section":"Shading Mode"},"sceneLighting":true,"audioPlay":false,"sceneViewState":{"showFog":true,"showMaterialUpdate":false,"showSkybox":true,"showFlares":true,"showImageEffects":true,"showParticleSystems":true,"showVisualEffectGraphs":true,"m_FxEnabled":true},"in2DMode":false,"pivot":{"x":499.4300537109375,"y":163.86363220214845,"z":1186.005859375},"rotation":{"x":0.04076443985104561,"y":0.040450554341077808,"z":-0.0016516512259840966,"w":0.9983452558517456},"size":1087.7789306640625,"orthographic":false}