{"cameraMode":{"drawMode":0,"name":"Shaded","section":"Shading Mode"},"sceneLighting":true,"audioPlay":false,"sceneViewState":{"showFog":true,"showMaterialUpdate":false,"showSkybox":true,"showFlares":true,"showImageEffects":true,"showParticleSystems":true,"showVisualEffectGraphs":true,"m_FxEnabled":true},"in2DMode":false,"pivot":{"x":402.2209167480469,"y":248.54098510742188,"z":1196.97265625},"rotation":{"x":0.021304195746779443,"y":0.017990324646234514,"z":-0.00038339634193107486,"w":0.9996073246002197},"size":1017.9834594726563,"orthographic":false}